Name,Maths,Science,English,Total,Average,Rank
Dishant,92,98,91,281,93.66666666666667,1
Krishna,90,95,94,279,93.0,2
Shyam,85,92,89,266,88.66666666666667,3
Ram,78,88,90,256,85.33333333333333,4
John,80,85,83,248,82.66666666666667,5
